"Institution","Date Submitted","Last Updated","Version","status","Figures needed to determine total waste generated (and diverted)","Materials recycled, performance year","Materials recycled, baseline year","Materials composted, performance year","Materials composted, baseline year","Materials donated or re-sold, performance year","Materials donated or re-sold, baseline year","Materials disposed through post-recycling residual conversion, performance year","Materials disposed through post-recycling residual conversion, baseline year","Materials disposed in a solid waste landfill or incinerator, performance year","Materials disposed in a solid waste landfill or incinerator, baseline year","Total waste generated, performance year","Total waste generated, baseline year","A brief description of the residual conversion facility","Start and end dates of the performance year and baseline year (or three-year periods)","Start date, performance year or 3-year period","End date, performance year or 3-year period","Start date, baseline year or 3-year period","End date, baseline year or 3-year period","A brief description of when and why the waste generation baseline was adopted","Figures needed to determine ""Weighted Campus Users‚Äù","Number of students resident on-site, performance year","Number of students resident on-site, baseline year","Number of employees resident on-site, performance year","Number of employees resident on-site, baseline year","Number of other individuals resident on-site, performance year","Number of other individuals resident on-site, baseline year","Total full-time equivalent student enrollment, performance year","Total full-time equivalent student enrollment, baseline year","Full-time equivalent of employees, performance year","Full-time equivalent of employees, baseline year","Full-time equivalent of students enrolled in exclusively in distance education, performance year","Full-time equivalent of students enrolled exclusively in distance education, baseline year","Weighted campus users, performance year","Weighted campus users, baseline year","Total waste generated per weighted campus user","Total waste generated per weighted campus user, performance year","Total waste generated per weighted campus user, baseline year","Percentage reduction in total waste generated per weighted campus user from baseline","Percentage of materials diverted from the landfill or incinerator by recycling, composting, ...","Percentage of materials diverted from the landfill or incinerator (including up to 10 percent ...","In the waste figures reported above, has the institution recycled, composted, donated and/or ...","Does the institution recycle, compost, donate and/or re-sell paper, plastics, glass, metals, and ...","Does the institution recycle, compost, donate and/or re-sell food?","Does the institution recycle, compost, donate and/or re-sell cooking oil?","Does the institution recycle, compost, donate and/or re-sell plant materials?","Does the institution recycle, compost, donate and/or re-sell animal bedding?","Does the institution recycle, compost, donate and/or re-sell white goods?","Does the institution recycle, compost, donate and/or re-sell electronics?","Does the institution recycle, compost, donate and/or re-sell laboratory equipment?","Does the institution recycle, compost, donate and/or re-sell furniture?","Does the institution recycle, compost, donate and/or re-sell residence hall move-in/move-out waste?","Does the institution recycle, compost, donate and/or re-sell scrap metal?","Does the institution recycle, compost, donate and/or re-sell pallets?","Does the institution recycle, compost, donate and/or re-sell tires?","Does the institution recycle, compost, donate and/or re-sell other materials?","A brief description of other materials the institution has recycled, composted, donated and/or ...","Materials intended for disposal but subsequently recovered and reused on campus, performance year","Does the institution use single stream recycling to collect standard recyclables in common areas?","Does the institution use dual stream recycling to collect standard recyclables in common areas?","Does the institution use multi-stream recycling to collect standard recyclables in common areas?","Average contamination rate for the institution‚Äôs recycling program","A brief description of any recycling quality control mechanisms employed","A brief description of the institution's waste-related behavior change initiatives","A brief description of the institution's waste audits and other initiatives to assess its materials ...","A brief description of the institution's procurement policies designed to prevent waste","A brief description of the institution's surplus department or formal office supplies exchange ...","A brief description of the institution's platforms to encourage peer-to-peer exchange and reuse","A brief description of the institution's limits on paper and ink consumption","A brief description of the institution's initiatives to make materials available online by default ...","A brief description of the institution's program to reduce residence hall move-in/move-out waste","A brief description of the institution's programs or initiatives to recover and reuse other ...","Website URL where information about the institution‚Äôs waste minimization and diversion efforts is ...","Additional documentation to support the submission","Data source(s) and notes about the submission","Public Notes","Undergraduate.Population","Reduction in Total Waste per Person","Total waste per person","Waste diverted from the landfill or incinerator"
"Carleton College",2022-03-03,2022-04-12,2.2,"Pursuing","**",127,525,188,NA,6.6,NA,NA,NA,371,544,692.6,1069,"None","**",2020-07-01,2021-06-30,2010-08-01,2011-07-30,"In 2010 Carleton switched waste collection vendors and started to require more rigorous data collection. FY18 included, for the first time, the annual ""Lighten Up"" garage sale weights for the number of items that students donate at move-out time. This number was 23 tons of material. The ""materials donated or resold"" includes Lighten Up weights and Food Recovery weights, as well as the thousands of pounds of items that were auctioned off in FY18. There is simply no way to weigh these items, but are estimated to be 10.07 tons.","**",1449,1584,23,40,NA,NA,1918,1998,817,664,274,NA,2213.75,2402.5,"**",0.312862789384528,0.444953173777315,29.686356267883,46.4337279815189,46.4337279815189,"**","TRUE","TRUE","TRUE","TRUE","--","TRUE","TRUE","TRUE","TRUE","TRUE","TRUE","TRUE","TRUE","TRUE","Carleton strives to be innovative and reduce waste wherever possible. In FY18, we increased our battery collection from two locations to twelve across campus. Facilities also collects aerosol cans, office supplies, Terracycle (granola wrappers, chip bags), light bulbs, scrap metal, electronics, and appliances. The Sustainability Program Coordinator manages the online auction system and sells things from fleet vehicles to lab equipment. This money is diverted to a waste fund that promotes other zero-waste initatives.","6.6","TRUE","--","--","--","Carleton maintains a strong relationship with both our recycling and compost facilities. To our knowledge, 0% of our loads have been rejected on-site.","In FY 17 we resigned everything across campus using infographics for easier comparison than aging pictures. We also do a presentation to students during freshman orientation that is required for all freshman to attend. During our annual Climate Action Week we have what is called the ""No Impact Challenge"" where students compete to see who can reduce their waste the most by carrying it around all week.","In FY17, sustainability staff began conducting specialized audits in individual offices and departments across campus. We found that when specifically targeting one group, diversion rates were higher with less contamination. We followed up with education and a second audit to confirm our tactics were working. our most successful audit went from 78% to a 95% diversion rate.","In 2014, Carleton started working with Cort Furniture to manage visiting faculty apartment furniture. The program works such that when the college no longer needs the furniture, it is reused by other subscribers. This limits the amount of furniture that is purchased and thrown away. We also use this service to furnish our student union.","The Carleton Office Supply Swap is housed in the Sustainability Office.  Staff and faculty can drop off unwanted supplies or pick up things they need at no charge.  A sign-in sheet tracks usage. 

The Sustainability Office also sells items that are no longer needed at the college through GovDeals.com. In FY17, we sold $41,462 worth of usable goods, thus diverting them from the landfill.","We have a weekly newsletter where we encourage faculty and staff to post items their department no longer needs. This is a campus-wide newsletter, not just a sustainability one.","Carleton uses PaperCut as its print management solution for students. The program charges $0.04 for white and black and $0.15 for color per page. Students start off each academic year with a $30 credit, meaning the first 750 white and black pages are free until students begin to pay out of their own pocket. The system also tracks faculty and staff printing, helping the sustainability office role out an educational campaign to campus about printing.","Carleton's course catalog is available online and registration is an online process.  The Carleton online directory is the primary source for staff, faculty and student directory information, there are no printed faculty/staff directories. Our invoices and personnel information are stored on a secure server online as well with shared access between necessary departments. Job postings are sent out via email to the entire campus from HR.","Carleton has the ""Lighten Up Garage Sale"" at the end of every year, where the Center for Civic and Community Engagement organizes drop-off receptacles for students' unwanted possessions. The resulting sale generates profits for local charities. In FY18, Lighten Up donated $39,000 to local charities and diverted 23 tons of usable goods from the landfill. In addition, Carleton has a tri-weekly newsletter called the NNB (Noon News bulletin) in which students can put free ads for items that they are looking to buy, sell or give away.","Our ITS purchases electronics with minimal packaging where possible.

We have a disposal policy that asks for items to be used again within the college before selling or donating it. If the item cannot be sold or donated, then proper disposal is required. The Sustainability Program Coordinator position was created to help ease the burden of finding proper recycling and disposal of items. Items are also posted on an online auction sight and profits from the sale go toward sustainability projects on campus. 

Our shop manager also handles aerosol cans, batteries, light bulbs, electronics, etc. to be recycled. Batteries can be dropped off at three locations across campus, or through the Specialized Waste Disposal Form on the facilities website.","https://apps.carleton.edu/sustainability/campus/waste/","https://storage.googleapis.com/stars-dev/secure/541/7/671/6054/170927%20Waste%20Audits%20as%20a%20Successful%20Eduational%20Tool_1.pdf?X-Goog-Algorithm=GOOG4-RSA-SHA256&X-Goog-Credential=stars-gcs-dev%40aashe-migration.iam.gserviceaccount.com%2F20240517%2Fauto%2Fstorage%2Fgoog4_request&X-Goog-Date=20240517T161124Z&X-Goog-Expires=86400&X-Goog-SignedHeaders=host&X-Goog-Signature=b17ffab7d931d0c6c4afa3b029020f0128c9a68a69693119683771b66de8d6dd7390832d95a7e9fcc8b20fcdfd0241c4b130d8a7addfde44addc653d83ee2a8e62c75c8f5b489e3457d5dfba3daf743987f685975c6030417306d3e167506664c4d56d9021a39ad140d68914437bb7d0d948c2909449ab07730e5e3dda50c6ffbd8d9f1fe400b0fba388b96739a8d53dcc6b8d6b8247918eecb5efc038ab4af6168aa86ca7093cf52101b997e82b0001afc22a2993821a0641157b5af0fa1617174366ce7d7bb168480aae0b55b380f82a249d5204fa9910cb205d000ff35b4c3bb7db5d899816ec4009732f2301df9b5298df1e156b5e7a68da339bc29908c2","Carleton's waste stream is measured on a volume basis, so compost, recycling, and landfill waste weights are rough estimates.

Carleton students and the institution donate, reuse and resell a huge number of goods. Unfortunately, due to the high volume and the difficulty of weighing all those items, we are unable to say how many tons we divert each year. 

Dining Services sustainability initiatives can be found here: https://apps.carleton.edu/campus/dining_services/localgrowers/

For total items resold or donated, we added the total of Lighten Up, Food Recovery, and Surplus- GovDeals.

During FY21, some students chose to stay home and complete their studies due to the COVID-19 Pandemic.","Carleton's waste stream is measured on a volume basis, so compost, recycling, and landfill waste weights are rough estimates.

Carleton students and the institution donate, reuse and resell a huge number of goods. Unfortunately, due to the high volume and the difficulty of weighing all those items, we are unable to say how many tons we divert each year. 

Dining Services sustainability initiatives can be found here: https://apps.carleton.edu/campus/dining_services/localgrowers/

For total items resold or donated, we added the total of Lighten Up, Food Recovery, and Surplus- GovDeals.

During FY21, some students chose to stay home and complete their studies due to the COVID-19 Pandemic.",2000,1.48431781339415,-0.611979466280411,1.69301183944557
"Concordia University",2021-12-22,2021-05-19,2.2,"Pursuing","**",256.386282899999,267.861329999999,111.6750261,51.0369529999999,30.4237559999999,NA,NA,NA,979.545735299999,1077.50802499999,1378.0308003,1396.40630799999,"N/A","**",2018-05-01,2019-04-30,2015-05-01,2016-04-30,"The 2015-2016 academic year was used as the baseline year as it reflects the trends in waste diversion and minimization at Concordia University.","**",905,910,NA,NA,NA,NA,29911,27964,4121,4497,NA,NA,25750.25,24573.25,"**",0.0535152396695177,0.0568262768661043,5.82659533438763,28.9169926327661,28.9169926327661,"**","TRUE","TRUE","TRUE","--","--","--","TRUE","TRUE","TRUE","TRUE","TRUE","--","--","TRUE","Wood, Fibers, Tools & Equipment, Office Supplies, Art/Craft Supplies and Miscellaneous.","--","--","TRUE","--","10",NA,"To reach Concordia University's goal for zero solid waste, the University has developed  waste-related behavior change initiatives which serve students and staff:
1. Zero Waste Week & Challenge, Workshops and waste reduction challenge: Zero Waste Week is a series of workshops and info sessions on how to cut down on your waste, as well as a challenge to the Concordia community to produce as little landfill waste as possible.
2. Concordia is transitioning to an entirely low-waste office model. This means that standard desk-side trash bins are being replaced by mini-bins which users sort out into landfill, compost and recycling at centralized waste sorting areas. This saves a remarkable amount of recyclable and compostable waste from landfill.","Concordia measures its waste diversion by tracking the weights of materials sent to landfills versus recuperation on a yearly basis. Additionally, waste audits are conducted periodically to find out how much of what we trash is actually recyclable or compostable.","Paper is one of the most used resources at Concordia University. All departments and students are encouraged to purchase sustainable paper that meet the following criteria:
1. 100% post-consumer recycled paper
2. Local
3. Chlorine-free
4. Environmentally certified: FSC, EcoLogo, Processes Chlorine Free, or Rainforest Alliance

For reducing its consumption, it is encouraged to print double-sided, using electronic documents, and reuse paper
https://www.concordia.ca/about/sustainability/sustainability-initiatives/zero-waste/paper.html","CUCCR (Concordia University‚Äôs Center for Creative Reuse) is dedicated to diverting materials from inside Concordia‚Äôs waste-stream and offering them to the general community free of cost.¬†It reuses materials coming out of offices, departments, studios, and labs on our campus. A variety of wood, glass, metal, fibers, office supplies, plastics, paper, tools and equipment, and arts & crafts supplies fill the shelves.","Through the CUCCR (Concordia University‚Äôs Center for Creative Reuse).",NA,"All Concordia University's course catalogs, course schedules, and directories are primarily available online. In addition, a variety of books and coursepacks are available as e-books.","Through the CUCCR (Concordia University‚Äôs Center for Creative Reuse), students moving in or out from the residencies are encouraged to reuse or donate items.",NA,"https://www.concordia.ca/about/sustainability/sustainability-initiatives/zero-waste.html",NA,"Sustainability initiatives: https://www.concordia.ca/about/sustainability/sustainability-initiatives.html

Sustainable eating: https://www.concordia.ca/campus-life/food-services/eating-responsibly/sustainable-eating.html

https://www.cuccr.ca/","Sustainability initiatives: https://www.concordia.ca/about/sustainability/sustainability-initiatives.html

Sustainable eating: https://www.concordia.ca/campus-life/food-services/eating-responsibly/sustainable-eating.html

https://www.cuccr.ca/",3000,0.291329766719347,0.955381812432045,1.16750977898298
"Gustavus Adolphus College",2021-11-30,2021-11-08,2.2,"Pursuing","**",146.73,252.16,97.34,NA,0,NA,NA,NA,345.23,469.17,589.3,721.33,NA,"**",2019-06-01,2020-05-31,2011-06-01,2014-05-31,NA,"**",2234,2362,5,5,NA,NA,2213,2459,585,633,NA,NA,2658.25,2910.75,"**",0.221687200225712,0.247815855020183,10.5435767184239,41.4169353470218,41.4169353470218,"**","TRUE","TRUE","TRUE","TRUE","TRUE","TRUE","TRUE","--","--","--","TRUE","TRUE","TRUE","TRUE","Gustavus has several programs in place to capture hard-to-recycle materials, such as plastic film. Gustavus participates in the Trex Plastic Recycling Program, which involves collecting plastic that can‚Äôt be recycled normally (such as plastic bags, film, bubble wrap, etc), sorting it, and dropping it off at a designated location for the Trex program. In return for every 500 lbs of plastic we collect, Gustavus receives a high quality bench made of recycled plastic materials from the program. Gustavus also collects used batteries from students, faculty and staff at several drop-off locations around campus and recycles them. Gustavus Facilities also recycles or donates other items such as light bulbs, scrap metal, electronics, and appliances. In addition, Gustavus has been successfully rolling out a paper towel composting program in building restrooms, which aims to divert over 24,000 lbs of compostable paper towel waste annually from landfills to compost.","--","TRUE","--","--","--","Our recycling contractor rejects loads with contamination of 5% or higher and informs us, which they have not done.","Gustavus has made substantial progress over the past several years to institute zero-waste initiatives as a part of day-to-day life and behavioral choices. The most recent initiative was a new residential compost bin program developed in summer of 2021, to implement a built-in compost system for each residence hall room using 2 gallon compost bins purchased by the Student Senate in May 2021 and rolled out Fall 2021, complete with training, instructions on using bins and support, to advance progress on the College‚Äôs Zero Waste goal and encourage a student-based shift in waste perspectives and ownership. Along with this compost bin roll-out in 2021, Gustavus also developed a short online sustainability and zero-waste course, focused on educating students about waste streams on campus and accurate sorting which has been successfully rolled out in August 2021. In addition, Gustavus recently updated all sorting signage in 2020 and rolled it out throughout campus, and has worked with Residential Life and Building Services to standardize waste-related instructional signage in residential halls. In addition, starting in 2019, mandatory sustainability training sessions with sustainability staff have been implemented into the orientation training schedule for Residential Life and Campus Activities student staff. Semi-regular updates are sent out from the President‚Äôs Environmental Sustainability Council, often referring to waste sorting behavior and initiatives. Several departments partner to hold zero-waste related events throughout the year, such as Earth Week events and tabling, and in April 2021 an Inter-Hall Waste Sorting Challenge was held to assess each hall‚Äôs waste sorting habits and support a friendly competition to work towards sorting waste more accurately.","Several waste characterization events have been held by sustainability interns over the past several years, documenting contamination and areas for improvement in sorting. As part of the Inter-Hall Waste Challenge in April 2021, sustainability staff, faculty and interns recorded weights and documented contamination regularly over a three week period to determine each hall‚Äôs sorting statistics. Sustainability staff and interns perform monthly data collection on waste streams that are not regularly monitored for each individual building, documenting weight and approximate contamination percentages. We also use a dashboard from our waste hauler, which shows approximate monthly tonnage and diversion rates for the waste streams that they haul.","Gustavus Dining Services has committed to purchasing compostable service ware for all disposable items provided in the Cafeteria, the two coffee shops on campus, and at events (take-out clamshells, utensils, coffee cups, etc. are all BPI certified). Facilities implements green cleaning purchases to facilitate waste prevention where possible.","Usable office furniture, residential hall furniture and common space furniture and other supplies are stored in a central Facilities surplus storage area and are reused for new setups when needed.","In past years, sustainability interns have planned and held several on-campus pop-up thrift shop events, which involved collecting used clothes, decor, books, etc., in residential halls, organizing a swap event open to all students, and donating the remainder to local thrift shops. Since the pandemic, on-campus pop-up thrift shops have not been organized. In the future we hope to implement a more formalized, regular system for exchange and re-use of used items on campus.","Gustavus implemented a printing policy in Fall 2009 to track and appropriately charge for printing both black and white and color documents on campus. Gustavus uses PaperCut, a printing accounting system that notifies students, faculty and staff on how much paper and ink they have used and generates environmental impact reports detailing use represented by number of trees, amount of carbon and amount energy for each user and for the organization as a whole, in an effort to encourage less printing waste.There is also a Gustavus webpage with tips and strategies encouraging environmentally responsible printing habits.","Many departments at Gustavus have made shifts to maximize online systems for invoices and work orders, utilizing Google Drive and other programs instead of printing. Additionally, the course catalog is available online, and several online platforms such as HandShake and WebAdvisor used for many administrative processes, eliminating the need for some printed forms.","Similar to the pop-up thrift shop events in past years, sustainability interns have facilitated several move-out item swap events, which involved collecting used clothes, decor, books, etc in residential halls, organizing a swap event open to all students just before moving off-campus for the summer, and donating the remainder to local thrift shops. No data was recorded for these events. Sustainability staff and Facilities staff are working to formalize a plan to handle and divert the large amounts of move-in and move-out waste each year, including exchanges and better infrastructure for recycling and composting during move-in/move-out.","While not tracked, Gustavus Facilities reuse rock and other materials from building projects for landscaping on campus as often as possible.","https://gustavus.edu/about/sustainability/","https://storage.googleapis.com/stars-dev/secure/1185/8/768/7222/Waste_data_for_stars.xlsx?X-Goog-Algorithm=GOOG4-RSA-SHA256&X-Goog-Credential=stars-gcs-dev%40aashe-migration.iam.gserviceaccount.com%2F20240517%2Fauto%2Fstorage%2Fgoog4_request&X-Goog-Date=20240517T161143Z&X-Goog-Expires=86400&X-Goog-SignedHeaders=host&X-Goog-Signature=80959198fc09ee591e11573a605a95245c0dfb74f49f9fcc96f44af6063a643c662d382346c4a13aca2959ad6ae94dcd0e727c6ed60e329a019c21facf16396261cf45e488aa761c74241aa3b7129dfd3e73efaef303828a906ca8b954c486c5b5c179c776de3e157d529a316ecf34e3b9aef4fae0bf23b799723e7204f0667159ece4d810f4962e09b0947368d8d82023a70ca3e607daf56e3c901d7df804f0bfc624bccc2f4f26ce756b67967aeafb6a31943af2f6d3e3c80ae947d0b655f145692dd86c46c164e2cdec8b4057e5b0f352fa919eed7d4597db09756f508788eb47dd79216a02d020882d9ef6de24a8fd3b7c84c0d049a5d1025883c71cb598",NA,"--",2200,0.527178835921199,-0.0609617752771313,1.54250806041066
"Macalester College",2024-01-26,2023-12-19,2.2,"Pursuing","**",229.74,87.37,67.4,NA,1.34,NA,NA,NA,126.03,370.1,424.51,457.47,NA,"**",2022-06-01,2023-05-31,2007-06-01,2008-05-31,"Our GHG Emissions and Zero Waste baseline year is the FY 2007-2008.","**",1247,1007,7,10,NA,NA,2154,1873,661,521,NA,NA,2424.75,2049.75,"**",0.175073718940096,0.223183315038419,21.5560899299487,70.3116534357258,70.3116534357259,"**","TRUE","TRUE","--","TRUE","TRUE","TRUE","TRUE","TRUE","TRUE","TRUE","TRUE","TRUE","TRUE","TRUE","Mini-fridges 
Mirrors
Mattresses
Clothing, Shoes, and Accessories
Bedding
Books and Textbooks
Household Goods 
Miscellaneous Plastics 
Styrofoam 
Shredded Paper
Packaged and canned food
Electronics
Plastic Bags","5","TRUE","--","--","--","Our waste hauler has not returned any pickups for contamination and contract provisions permit them to do so.","Macalester Utilizes the Ozzi program, which helps eliminate single use to-go containers in the dining hall and across campus. Students instead take reusable to-go containers and return them after use to be cleaned and reused. This program was utilized over 20,000 times by students during the 2022-2023 FY. 

Macalester also has a program called MacShare, which is used by students, staff, and faculty. MacShare is a student organization who buys produce and other items (granola, olive oil, kombucha) in bulk and allows for the campus community to purchase them at an affordable rate weekly. This helps reduce the amount of plastics and single use containers/packaging across campus.

In the fall of 2022 first year students and others new to campus participated in an hour long training program that took place in each dorm for individual floors. Students learned about resources the campus offers towards sustainability and how to reduce their waste on campus. They also learned the basics of correctly sorting their waste stream into compost, trash, or recycling. As well as the speciality recycling locations and offerings across campus.","Facilities Services Sustainability and Custodial staff performs waste audits three times per year.","Macalester has banned the sale of plastic water bottles on campus","There are currently two programs that promote the reuse of materials specifically in office spaces on campus. There is a furniture surplus space in the basement of the science building, which is open twice monthly for staff/faculty to select office furniture that has been donated from various parts of campus instead of ordering new. Starting in the spring of 2023 plans began for an office supply reuse space in the library. This program was launched during the fall of 2023 and helps reduce the amount of office supplies offices/departments order.","Macalester has two locations for redistribution on campus. The first is known as The Free Swap and it is located in a garage behind The Sustainability Office. It is open to those on campus and the surrounding community 9am-6pm daily. Students, staff, and faculty can also come ""shop"" for items for free to take. The other location is a larger, warehouse style space located at 1550 Summit Avenue, which is called 1550. This space is where move out items are brought in May/June. This space is open to the campus community weekly to come ""shop"" for items for free. It is also opened multiple times a year for non-profits/community partners to come shop.","PaperCut tells community members how many pieces of paper they have printed, and encourages them to not waste paper. We also have a program called ""onsies"" that reuses half-printed on paper to make notebooks that are handed out to students.","The catalogs are available online for students. Course schedules are not printed and are only available online for students. The college directory is also available online instead of in print.","Waste containers are completely removed from residence hall floors, requiring all students to bring items for central sorting which allows for reuse and recycling of almost all items including clothes, food, hangers, appliances, and electronics.

Donations are then sorted between items used for resale or to be given away. Resale items are stored and sold in the fall to raise money for a trip students go on every year through the Civic Engagement Center. The other items are brought to the 1550 Summit space and redistributed to students, staff, faculty, and non-profits throughout the year.","2009-Present: Papercut software: ITS installed Papercut software to count pages printed by student
2009-Present: 100% Recycled Letterhead: Letterhead changed to a 100% post consumer waste recycled paper
2009-Present: Student Account eBilling: Switched from paper bills to eBilling
2009-Present: Move Out: Extensive recycling and reuse program put in place, Recycling rate jumped from 17% in 2008 to 46% in 2009
2010-Present: Onesies: Reused one sided paper notebooks, ‚Äúonesies‚Äù given to all first year students from the Library in 2010
2010-Present: CFL and ewaste recycling on campus: Bins available in the Sustainability Office for student, staff and faculty
2010-Present: Reusable dishware and dishwashers: MCSG bought a set of reusable dishware for student organizations
2010-Present: MacFreeSwap: Items can be donated or received from 1657 Lincoln Avenue. In the garage open to the Macalester community and public 7 days a week from 9am-6pm.
2010-Present:  100% Recycled Copy Paper: 100% recycled copy paper standard started as campus standard
2010-Present: Print release stations: Reduces accidental printing
2011-Present: Plastic water bottle ban implemented
2013-Present: Composting started on campus
2014-Present: Catering and Food Service start using all compostable dishware
2014-Present: Compostable dishware promoted to departments 
2014-Present: Macalester College joined the national Food Recovery Network Organization which donates surplus food from the dining hall to local charities. The network, composed of students, collects donations one night a week for every week during the school year, and typically diverts around 1000-1500 pounds per semester.""
2021-Present: Move-Out donations managed and redistribution handled internally to promote a circular economy instead of by a third party vendor.","https://www.macalester.edu/sustainability/zero-waste-efforts-goals/",NA,NA,"--",2174,1.07780449649744,0.220745785535936,2.40934960307178
"South Dakota State University",2023-05-26,2023-06-20,2.2,"Pursuing","**",322.98,432.05,13.65,NA,134.7,100.79,NA,NA,1534.84,1224.1,2006.16999999999,1756.94,NA,"**",2019-07-01,2022-06-30,2013-07-01,2014-06-30,NA,"**",4019,4356,18.33333333,12,6.333333333,NA,9904.666667,10220,1746.333333,1885,766.2333333,331.05,9179.2416666905,9922.4625,"**",0.218555091242445,0.177066932729652,NA,23.4940209453834,23.4940209453834,"**","TRUE","TRUE","--","TRUE","--","TRUE","TRUE","TRUE","TRUE","TRUE","TRUE","TRUE","TRUE","TRUE","Batteries, books, light bulbs, e-waste, refrigerators, AC units, lumber, trees, ink/toner, and record albums have all been recycled, reused, or resold. 

Each year our university hosts an auction for the State of South Dakota and all state property. These items vary from desks and lab equipment, to furniture and tractors.","--","TRUE","--","--","--","FY20
The Sustainability Specialist works to inform campus of what can/can't be recycled. When changes are made the Sustainability Specialist contacts each secretary in each department so they can share the change with their departments. If there is an issue and it can be pinpointed to a specific building, the Sustainability Specialist will inform the secretary to share with the building.       

During move-in an A-Frame sign was placed by each dumpster with a general move-in recycling guide. Flyers of the campus recycling guide were available at each residence hall.

FY21
The Sustainability Specialist works to inform campus of what can/can't be recycled. When changes are made the Sustainability Specialist contacts each secretary in each department so they can share the change with their departments. If there is an issue and it can be pinpointed to a specific building, the Sustainability Specialist will inform the secretary to share with the building.       

During move-in an A-Frame sign was placed by each dumpster with a general move-in recycling guide. Flyers of the campus recycling guide were available at each residence hall.

Other efforts included recycling posters across campus, ‚ÄúWaste Wednesday‚Äù social media features, letter to football tailgaters about recycling options, CA and RHD training, and participation in Campus Waste to Zero Waste, and always being available to answer staff and student questions on recycling.

FY22
The Sustainability Specialist works to inform campus of what can/can't be recycled, through a variety of means including ‚Äì posters, campus wide emails, and presentations.

When changes are made the Sustainability Specialist contacts each secretary in each department so they can share the change with their departments. If there is an issue and it can be pinpointed to a specific building, the Sustainability Specialist will inform the secretary to share with the building.       

During move-in an A-Frame sign was placed by each dumpster with a general move-in recycling guide. Flyers of the campus recycling guide were available at each residence hall and a guide was taped to each room‚Äôs recycling bin

Prior to football season, all tailgate spot holders received a brief letter explaining what can be recycled. 

Facilities and Services custodial staff was provided recycling training.

Frequent reminders about removing plastic bags from the recycling were provided through signage by the dumpsters, posters, and more. 

Other efforts included social media posts, a letter to football tailgaters about recycling options, CA training, participation in Campus Waste to Zero Waste, and always being available to answer staff and student questions on recycling.","FY20
The Sustainability Specialist is available to present on recycling to all student groups, classes, departments, etc. 

There is always the constant social media reminder and an occasional newspaper article on recycling dos and don'ts. 

If there is an issue and it can be pinpointed to a specific building, the Sustainability Specialist will inform the secretary to share with the building.       

The lobbies at each dorm, had a large sign with the recycling guide, recycling bin ID chart, dumpster locations, and extra recycling flyers for students to grab.      

Participated in RecycleMania. 

Added signage and a restrictive lid to tailgate recycling bins, which greatly increased the recycling  that was not contaminated. 

The SDSU. Sustainability. & You booth series had one booth centered around recycling. Recycling guides were handed out to passerbys and they were reminded not to bag their recycling. 

Additional education and signage was done this year to educate student that plastic bags can no longer be recycled. 

The Sustainability Specialist reaches out to secretaries across campus with recycling updates as needed. 

FY21
The Sustainability Specialist is available to present on recycling to all student groups, classes, departments, etc. They are also available to answer recycling questions on an on-call basis during business hours. 

There is always the constant social media reminder and an occasional newspaper article on recycling dos and don'ts. 

Participated in Campus Race to Zero Waste. 

The Sustainability Specialist reaches out to secretaries across campus with recycling updates as needed.

Other efforts included recycling posters across campus, ‚Äúwaste Wednesday‚Äù social media features,  and a letter to football tailgate spot holders about recycling options. 

FY22
The Sustainability Specialist is available to present on recycling to all student groups, classes, departments, etc. They are also available to answer recycling questions on an on-call basis during business hours.

A campus wide email was sent to all faculty, staff, and residential students at the beginning of the academic year. 

Participated in Campus Race to Zero Waste.

A 3-D display of what can  and cannot be recycled was placed in the main hallway of the student Union. A recycling education booth was also hosted in the Union. 

The Sustainability Specialist reaches out to secretaries across campus with recycling updates as needed.

Other efforts included recycling posters across campus, social media posts, presentations,  and a letter to football tailgate spot holders about recycling options.","No waste audits were conducted in FY20 and FY21 due to COVID and other priorities. A waste audit was held in the spring of 2022 to assess current contamination rates and what items are commonly mis-recycled. According to this waste audit, the average contamination rate is 24.73%. Contamination levels varied by area: 
Outdoor - 55.68%
Office - 1.23%
Union - 8.33%
Hallway - 5.37%
Dorms - 53.06%",NA,"SDSU has a surplus program, which is open to all South Dakota State University departments as well as other state agencies.  These used items, which can vary from desks & chairs, to lab and farm equipment are available at a reduced cost or no cost throughout the year.  This program is in compliance to South Dakota codified laws for state surplus property and helps reduce not only cost, but also the amount of materials produced for campus.  At the end of the year, any items that are not reused by the state are sold at the state auction.  Items that are sold at the sale are included in the campus diversion rate.",NA,"FY20
Using the program PaperCut, all publicly accessible printers will not print until the job has been paid for. In FY 20, this saved thousands of sheets of paper from not printing unnecessarily. This saved the equivalent of 9.5 trees and 1,005.8 kg of CO2. 

FY21
Using the program PaperCut, all publicly accessible printers will not print until the job has been paid for. In FY 21, this saved 78,836 of sheets of paper from not printing unnecessariliy. This saved the equivalent of 9.46 trees and 1,001.2 kg of CO2.

Public printing at Briggs Library is set to default to double sided. 

FY22
The  default for printing at Briggs Library continues to be set as double sided.","FY20
Course catalogs, course schedules, and university directories are by default all on line. A limited quantity of catalogs are printed for archival, advising, accreditation visits, and general reference purposes. 

DocuSign is common practice in Facilities & Services.

FY21
Course catalogs, course schedules, and university directories are by default all online. A limited quantity of catalogs are printed for archival, advising, accreditation visits, and general reference purposes.

By June 2021, the library had purchased online perpetual access to approximately 110 e-textbooks that were downloaded 3,100 times. 

Many departments have made concerted efforts to transition operations to as many paperless processes as possible. 

FY22
Catalogs, handbooks, manuals, etc. are offered in an online format.                                                                                                                                                                                                                                                                            

As of June 2022, the library had purchased 1673 textbooks since the inception of this project in 2022. In FY 2022, there were 4841 downloads of these materials","FY20
Recycling guides are placed by the Residential Life dumpsters during move-in and for a few weeks after that. 

Recycling bins were added to the annual move-in dinner and convocation this year. 

The annual Don't Dump! Donate! did not occur this year due to COVID-19.

FY21
Facilities & Services ‚Äì Sustainability and Residential Life annually host Don‚Äôt Dump! Donate! This program takes place during finals week and has a goal of keeping reusable material out of the landfill by providing an opportunity for students donate items to local non-profits. The program partners with a variety of local charities, such as Jack‚Äôs Cupboard, the Domestic Abuse Shelter, Habitat for Humanity ReStore, and more. Throughout the week, we collect quality items that students no longer want and donate them to these charities. Some of these items include unopened non-perishable food, office supplies, hygiene items, cleaning supplies, laundry detergent, clothes, futons, shelves, appliances, mirrors, and blankets! In spring 2021, Don‚Äôt Dump! Donate! diverted 2,340 pounds from the landfill.

FY22
Facilities & Services ‚Äì Sustainability and Residential Life annually host Don‚Äôt Dump! Donate! This program takes place during finals week and has a goal of keeping reusable material out of the landfill by providing an opportunity for students donate items to local non-profits. The program partners with a variety of local charities, such as Jack‚Äôs Cupboard, the Domestic Abuse Shelter, Habitat for Humanity ReStore, and more. Throughout the week, we collect quality items that students no longer want and donate them to these charities. Some of these items include unopened non-perishable food, office supplies, hygiene items, cleaning supplies, laundry detergent, clothes, futons, shelves, appliances, mirrors, and blankets! In spring 2022, Don‚Äôt Dump! Donate! diverted 4,073 pounds from the landfill.

Recycling guides are placed by the Residential Life dumpsters during move-in and for a few weeks after that. In addition , signs were placed in the lobby with recycling information","FY20
Trees and pallets are chipped and reused in campus landscaping as mulch. 

The Theater Department reuses a variety of material. See examples below:
‚Ä¢Theatre uses vintage garments in many productions that have been donated or purchased second-hand.  Some examples would be military uniforms for productions like White Christmas and Bye, Bye Birdie.
‚Ä¢Shoes are constantly re-used.  We paint them for productions like The Wizard of Oz or polish and repair them for productions like Pluto or Jekyll and Hyde. 
‚Ä¢Costumes that are produced in the costume shop are made from a mixture of both purchased and materials that are donated or in our stock.  Costumes are reused for almost every production.  In many cases they are taken apart or added to for specific production needs.
‚Ä¢Wigs and jewelry are also repurposed and restyled for each production needs.
‚Ä¢Furniture is used and reused for productions.  Most of the pieces we have are vintage and can and are re-upholstered based on production needs.
‚Ä¢Small properties (hand props) are collected from donations, antique shops, and other locations.  They are then reused in multiple productions.
‚Ä¢Set Dressing (pictures, curtains, artwork, etc...) are used in multiple productions as well.
‚Ä¢Built or specific production properties are used, repurposed, and reused.
‚Ä¢We have a stock of platforms, flats, and stair units that we reuse for each production
‚Ä¢When designing sets, faculty consider what we have on hand and then adapt designs so we custom build a minimal amount
‚Ä¢Whenever we do build something that is custom, we take it apart and reuse the pieces for the next show, regularly when going through our stock you can identify pieces from past productions
‚Ä¢We take leftover paint and combine it by color to create basecoats for future use

The Facilities & Services' Interior Designer likes to reuse material when possible. 


FY21

Tree removals are chipped or shredded and reused as landscape mulch material.  

Facilities & Services also diverts any herbaceous waste to our local community compost area hosted by the City of Brookings. This material is then turned into compost and given for free back to the community of Brookings. The grounds shop handles many different items that generate waste such as fencing removal or reconstruction. Any steel fencing supplies that are waste for projects are recycled instead of being hauled to the landfill. Additionally, any of the concrete sidewalks that are removed and replaced generate concrete debris. This debris is sent to a concrete  crusher to be turned into aggregate for reuse rather than being sent to the landfill.  

School of Performing Arts reuses physical materials in the theatre program (when sets are torn down, we resize and reuse lumber and other materials).

The Wellness Center reuses climbing rope that has been retired from the wall for various non-climbing outdoor programs. They also replace cross country ski bindings to only discard/replace the broken portion","https://www.sdstate.edu/sustainability/recycling",NA,"Performance year data is a three year average from FY20, FY21, and FY22. A three year average was also used for the weighted campus user statistics, which is why this number is different than PRE 5.","Performance year data is a three year average from FY20, FY21, and FY22. A three year average was also used for the weighted campus user statistics, which is why this number is different than PRE 5.",10500,-1.17153886028332,-0.0420329427260773,1.0048206283615
"University of Minnesota, Morris",2022-02-10,2022-01-20,2.2,"Pursuing","**",105,57,58,NA,0,NA,NA,NA,104,274,267,331,NA,"**",2020-01-01,2020-12-31,2005-01-01,2005-12-31,NA,"**",750,758,5,NA,NA,NA,1412,1673,364,394.5,NA,NA,1520.75,1740.125,"**",0.175571264178859,0.19021622009913,7.69910994584977,61.0486891385767,61.0486891385767,"**","TRUE","TRUE","--","--","--","--","--","TRUE","--","--","TRUE","TRUE","--","--",NA,"--","--","--","TRUE","--",NA,NA,NA,NA,"The week before classes begin, a office supplies exchange is held.  Campus staff and faculty are welcome to browse and  take items that they can use in their campus offices.  Items are collected in our student center.  Items are limited to office supplies and small equipment: for example binders, file folders, printer cartridges, calculators, etc.  Leftover items are donate to our local thrift store or recycled.",NA,"There is no free printing on student areas on campus. Each student has a printing account. In addition, there is a printer in the library for which students can pay cash at five cents a page.","Currently, the campus default is to make material available online first. Course catalogs, schedules, and directories can all be found easily on the University of Minnesota Morris website. In addition, the home page links to our directory search where people can be located by entering all or part of their name or their internet id.","Office of Sustainability student interns work with Office of Residential Life staff to increase the number of recycling containers available upon move-out and encourage students to use these added receptacles. They also partner on a ""stuff exchange"" a couple of times during the year, including Earth Week, about a month out from graduation.",NA,"http://www.morris.umn.edu/sustainability/recycling/",NA,NA,"--",1200,0.384955497292489,0.217738881701678,2.1314606741573
"University of South Dakota",2023-01-30,2022-04-04,2.2,"Pursuing","**",41.03,22.45,0,NA,3.09,NA,NA,NA,1105.19,829.08,1149.31,851.53,NA,"**",2020-08-01,2021-07-31,2019-08-01,2020-07-31,NA,"**",1922,2050,NA,NA,NA,NA,7671,7671,1377,1421,2890,2890,5099,5164,"**",0.225399097862325,0.164897366382649,NA,3.83882503415092,3.83882503415092,"**","TRUE","TRUE","TRUE","TRUE","--","TRUE","TRUE","TRUE","TRUE","TRUE","TRUE","TRUE","TRUE","TRUE","Vehicle oil and inc cartridges are also recycled. Surplus also takes unused items from campus and resells, donates, and recycles them.","--","TRUE","--","--","3","The recycling workers remove contaminations by hand, as well as sinage throughout campus to display how and what to recycle.","The campus coffee shops offer a discount on brewed coffee to customers who bring their own mug. Campus dining has eliminated trays to reduce food waste. All buildings have water bottle refill stations, making it convenient to refill instead of drinking bottled water. The move-out program makes it convenient to donate usable items at the end of the school year.","The Atlas Zero Waste assessment was done in 2020 to review the campus' waste management system. This evaluates both hard goods and soft goods and is scored based on the initiatives in place. It also gives recommendations for improvement for the University. 
The Verdis Waste Study completed in 2016 to asses the waste and recycling system on campus. This report also contains recommendations for the University.","USD follows the state law on recycling paper. This law requires Green Seal certified, Ecologo certified, or comply with minimum EPA guidelines.","Surplus collects various no longer needed office supplies and resells, donates, recycles, or disposes of them. The items are not tracked but are kept in a building off campus.","None campus-wide.","None","USD encourages DocuSign for most forms that need to be signed. The professors are required to post course packets online.","The Move Out Program was started in 2020 to help reduce waste by having donation stations set up outside of the resident halls. The items were collected by volunteers to ensure quality and then were donated.","The recycling team on campus does reuse plastic bin liner bags as many times as possible. They also drop off clean plastic film found in recycling bins at Hy-Vee for plastic film recycling.","https://www.usd.edu/about-usd/sustainability-initiatives/sustainability-operations",NA,"The number for materials donated and resold is from the move out program and food recovery network donation data.","The number for materials donated and resold is from the move out program and food recovery network donation data.",7500,-1.83452691837664,-0.0833945479505783,0.415164751024528
"University of St. Thomas",2023-11-30,2023-11-27,2.2,"Pursuing","**",405.15,531.64,53.05,67.55,21.82,62.74,NA,NA,358.09,464.16,838.109999999999,1126.09,NA,"**",2022-01-01,2022-12-31,2019-01-01,2019-12-31,"Calendar year 2019 is the earliest year with the data that is the most complete and consistent with current tracking methods.","**",2927,2378,21,28,7,11,7971,8649,1581,1556,371.9,97.8,7629.075,8192.9,"**",0.109857354921795,0.137447057818354,20.0729672460654,57.2741048311081,57.274104831108,"**","TRUE","TRUE","TRUE","TRUE","--","TRUE","TRUE","--","TRUE","TRUE","TRUE","TRUE","TRUE","TRUE","Various materials such as banners, books, buckets, dishes, kitchen/cafeteria equipment, select electronics, shelf stable food, office supplies, office furniture, household goods, ink/toner cartridges, cleaning equipment, construction salvage, and waste receptacles.","--","TRUE","--","--","12","Initial inspections of recycling and trash bins for contaminants are conducted by our waste and recovery team before tipping. Inappropriate items such as electronics, when found are pulled out. Bins that are visibly contaminated in excess of 15% are dumped in our MSW system. During move out, we utilize student employees to sort through recycling and trash bins for contamination and salvageable items.","All waste room signage in residents halls were updated for consistency. Shadow boxes of what goes in each waste stream were added by a major dining waste stream area. Our webpage was updated to share all waste signage, and applicable county recycling guidelines. Additionally, we are highlighting updated diversion information on our website to highlight waste diversion progress. We continue to present recycling information and goals to student and staff groups, and at student orientations.

Student Sustainability Leaders with the Office of Sustainability Initiatives provide ""Trash Talking"" at campus events. The ‚Äútrash talkers‚Äù guide students, staff, and faculty by standing by the waste bins and helping them sort their waste. Trash Talking can be requested for any campus event via an online form. In the 2022-2023 academic year, student leaders partnered with 12 departments and student organizations to provide trash talking at events around campus.","We conducted a full waste audit for Trash, Recycling, and Compost over a ten-day period in an active Spring semester. The date range was 4/1/22 - 4/10/22. A count of all bins collected during that date range was collected weighed to give an average weight per bin. Random bins were selected for auditing from three designated areas: residential, academic/admin, and dining. We assessed contamination rates of both the recycling and compost as well as the percentage of recyclables in MSL.","The University has a Sustainable Purchasing Policy and a Green Cleaning Program to support purchases that minimize waste.","Useable office furniture is stored and reused for new office setups when possible. Certain items are collected even if they do not work and are used by the Engineering Department faculty for educational purposes.","We continue to work with the Sustainability Club to organize an office swap of office supplies is available to all students, faculty, and staff each year in order to reduce waste and excessive purchasing. Additionally, Staff Council has an online office swap where staff can list or request items.

Tommies Closet is a free clothing pop-up for St. Thomas students to shop. Tommies Closet was founded by Ashoka U Changemaking Fellows in 2020 as a clothing swap. Today, Tommies Closet is run by the Student Sustainability Leadership Program through the Office of Sustainability Initiatives. Gently-used clothing is donated by staff, students, faculty, and alumni. The clothes are made available for students to ‚Äúshop‚Äù for free. Tommies Closet opens as a pop-up throughout the academic year. Any remaining clothing that is left over when the closet closes is stored until the next pop-up.","St. Thomas uses the PaperCut print tracking system which emphasizes cost reduction and sustainability. In order to reduce paper usage, grayscale duplex printing (back-to-back) is the default on all campus print devices. Every faculty and staff member at St. Thomas who prints or makes a copy incurs a printing charge for their department. All students automatically receive a Print Quota each semester for printing and copying on campus. Students who exceed the print quota allotment are charged a per-page fee at the current printing rates.","The university stopped printing paper versions of undergraduate class schedule at least 15 years ago and course catalogs with the 2016-2017 academic year. These materials are now available online.","Several collection receptacles are located throughout campus at end of each semester and communications delivered in various ways about materials accepted and locations of collection areas. Our Facilities Management Recycling team helps support student driven waste reduction initiatives; one example is the plastic bag/film collection drives.","The University's Facilities Management Recycling team also supports student-driven waste reduction initiatives. One example is the plastic bag/film recycling collection drives. Our receiving operation collects shrink wrap from deliveries to be recycled.

Dining Services freezes full trays of unserved prepared food to be collected and donated to local food kitchens. Our facilities team donated 19 pallets of old dining clamshell containers and kitchen equipment as we moved to all compostable containers.","https://www.stthomas.edu/about/departments/facilities-management/",NA,NA,"--",6402,1.00364836230328,0.614879463733495,2.01822314493324
"University of Wisconsin-Eau Claire",2024-02-02,2023-11-17,2.2,"Pursuing","**",263.5,440.5,134.4,185.6,101.4,35.6,NA,NA,784.6,788.2,1283.9,1449.9,"N/A","**",2022-07-01,2023-06-30,2020-07-01,2021-06-30,"Baseline was adopted from our fiscal year 20 as this is the first year completing the report. Fiscal year 21 was impacted by COVID more and it was determined that fiscal year 20 would have more accurate data.","**",3784,3784,1419,1419,34,34,9773.89,9773.89,1189.48,1223.04,358.84,358.84,9288.1475,9313.3175,"**",0.138229932287358,0.155680293300427,11.2091008072506,38.8893215982553,38.8893215982553,"**","TRUE","TRUE","--","TRUE","--","TRUE","TRUE","TRUE","TRUE","TRUE","TRUE","TRUE","--","--","Campus conducts campus-wide recycling, limited composting in dining facilities, and participates in an auction site for items that are determined to be surplus. Surplus items are either reclaimed by other departments on campus or sold to the general public. Campus also collects metal for recycling.","--","TRUE","--","--","--",NA,NA,NA,NA,NA,NA,NA,NA,NA,NA,"https://www.uwec.edu/facilities/surplus-store/",NA,NA,"--",9600,0.560455040362532,0.443410409219876,1.46667964794766
"University of Wisconsin-Oshkosh",2022-03-04,2022-05-18,2.2,"Pursuing","**",773.5,234,100,NA,2.4,NA,NA,NA,602,612,1477.9,846,NA,"**",2021-01-01,2021-12-31,2008-01-01,2008-12-31,"When the campus sustainability plan was initiated in 2008 we stated a goal to reduce our municipal solid waste 30% by 2012, which was achieved two years ahead of schedule. Our sustainability plan was just redone and our new objective is to reduce production of municipal solid waste by 10% from 2012 levels by the end of 2017.","**",2296,2911,15,525,6,NA,10428,8713,1298.1,1050,NA,NA,9378.325,8181.25,"**",0.15758677589015,0.103407181054239,NA,59.2665268286081,59.2665268286081,"**","TRUE","TRUE","TRUE","TRUE","--","TRUE","TRUE","TRUE","TRUE","TRUE","TRUE","TRUE","TRUE","--",NA,"--","TRUE","--","--","--",NA,NA,"In spring of 2021, the campus entered in to a new waste management contract. At the same time, the institution participated in Campus Race to Zero Waste, where a sustainability intern collected waste data each week and converted volume to weight estimates for the Oshkosh campus each week for 8 weeks.","Life cycle analysis is taken into account for all purchases in order to reduce waste and bring down costs. All new equipment purchases including copiers, vacuums, washers, electronics, and faucets are Energy Star. We also purchase eco-friendly cleaning products and EPEAT rated computers.","Central Stores maintains a Surplus Program that collects and stores furniture and equipment.  Facilities Management also maintains surplus for building materials and fixtures.  Residence Life maintains a Surplus Program for furniture, equipment and computers that has an annual public sale.","The department of Residence Life hosts donation stations throughout the year, with particular emphasis at the end of each semester. Students can donate items they no longer want, other students may take from the donation stations, and at the end of the semester, items are donated to area thrift stores.","Printing throughout all of campus computer labs and in the Polk Library are programmed to automatically print double sided. All of the paper in student labs are 30% recycled and 100% in all other printers. All printers on campus are hooked up to student accounts to track and limit paper usage. Students are allowed 1,000 pages each semester.","Course Schedules are maintained online by the Registar's Office using the TitanWeb system.  Official Catalogs are maintained online by UW System Administration.  Telephone/email directories are available online through the uwosh.edu website, and were last printed in 2010. Many faculty members are now encouraging students to turn homework in online instead of turning in hard copies.","The department of Residence Life hosts donation stations throughout the year, with particular emphasis at the end of each semester (Move Out). Students can donate items they no longer want, other students may take from the donation stations, and at the end of the semester, items are donated to area thrift stores. During Move-In, certain materials such as cardboard are collected/separated by Custodial staff that work Move-In to ensure that those materials are handled properly.","The campus operates an Office Supply Exchange listserv which allows subscribers to post available office supplies and others can pick them up at no cost. This reduces the need for unnecessary buying of office supplies.","http://www.uwosh.edu/sustainability/what-were-doing/waste-reduction",NA,"Data submitted for 2021 are based on Campus Race to Zero Waste data as a representative sample.","Data submitted for 2021 are based on Campus Race to Zero Waste data as a representative sample.",8000,-2.61972110077599,0.326427745707349,2.07799580485824
"University of Wisconsin-Platteville",2023-07-05,2023-06-22,2.2,"Pursuing","**",365,392.68,0,NA,0,NA,NA,NA,422,604.99,787,997.67,NA,"**",2021-07-01,2022-06-30,2010-07-01,2011-06-30,"FY 2011 is the first year that we have our recycling weight available for campus. Typically our waste hauler hasn't recorded recycling weights so we use sampling during recyclemania to develop our recycling weights.","**",2786,2810,7,NA,8,NA,5872,7093,840,1077,346,115.9,5480.75,6743.075,"**",0.143593486292934,0.147954753580525,2.94770339042685,46.3786531130876,46.3786531130876,"**","TRUE","TRUE","TRUE","--","--","--","TRUE","TRUE","TRUE","TRUE","TRUE","TRUE","TRUE","--","The University utilizes the City of Platteville's single stream recycling collection and trash removal service.  The University also utilizes a vendor to recycle used fryer oil and pre-consumer compost from its two largest dining facilities, unfortunately the contracts are paid per removal load and no volumes are available. The University went without a Sustainability staff for 9 months and although most of the recycling activities continued records were not kept.   The University also operates a restore in which used university furniture and equipment and furniture is sold via a public auction website, unfortunately the weight of these sales have not been recorded. The University also operates a free store in which unwanted items from students and items that are not suitable for the restore are available to students for free. The University also operates a Pioneer Provisions for students which is stocked through the local food Pantry the total weight of this food unfortunately is not recorded.","--","TRUE","--","--","--","The single stream recycling on campus and they have not been reporting any contamination.","The University has participated in Recyclemania every year from 2010 until 2020 and plan to rejoin the activity next year. We also promote waste management through Pioneer Restore, our waste diversion facility.","We do occasional waste audits during special programs.",NA,"We started an official campus surplus program (Pioneer Restore) in 2014. Staff may now shop for affordable office supplies and materials that other departments no longer needed, at our storefront, open weekly. campus.uwplatt.edu/go/restore",NA,NA,"In the past six years, campus has transitioned to using the following web-based programs rather than print resources:
- The Pioneer Administrative Software System (PASS) is used for course registration, payment, financial aid, administrative functions, and more.
- The Canvas course management system is used to deliver learning resources to students, including syllabi, course content and other documents, and multimedia content. Students also use Canvas to submit assignments, take tests and quizzes, and collaborate with instructors and classmates.","In spring of 2014, we instituted a ""ditch the dumpster"" program on campus where we collected 1) small household items and diverted them to Goodwill, 2) large furniture and electronics and diverted them to our campus surplus program, and 3) unwanted food and diverted it to the Pioneer Provisions the University's student food pantry.","We recycle all electronics through URT, ink and toner through Pioneer Restore, Universal Waste and hazardous waste through Violia, and recycle metal.","https://www.uwplatt.edu/department/sustainability/waste-disposal-guide",NA,NA,"--",6500,0.147385169521343,0.410995887186179,1.69135959339263
"University of Wisconsin-River Falls",2024-02-29,2024-02-08,2.2,"Pursuing","**",335.13,433.5,142.5,168.5,123.64,73.55,NA,NA,627.78,701.68,1229.05,1377.23,"Not Applicable","**",2022-01-01,2022-12-31,2014-01-01,2014-12-31,"The waste generation baseline was adopted for the year 2014 due to improved tracking of waste generation by UWRF. We had a change in waste haulers partway through the 2013 calendar year. Data from the previous hauler was based more on volume than weight. 2014 is the first full year we have actual weights.","**",2091,2152,9,4,3,NA,4441.8,7071.11,580.2,756,407.4,307.85,3988.95,6178.445,"**",0.308113663996791,0.222908838712653,NA,48.9215247548919,48.9215247548919,"**","TRUE","--","--","TRUE","TRUE","TRUE","TRUE","TRUE","TRUE","TRUE","TRUE","TRUE","TRUE","TRUE","UWRF also recycles lead acid batteries, rechargeable batteries, dry cell batteries, waste oil, oil filters and absorbents, light bulbs, photographic fixer, toner cartridges, and plastic film.","10.61","TRUE","--","--","--",NA,"UWRF implemented two pilot projects. One of them focused on a different bin system in offices which was implemented in the Wyman Education Building during the Fall 2016 semester. It has since been expanded out to 8 additional buildings. The other pilot project focused on classrooms and public areas and was implemented in all of South Hall and on second and third floors of the Kleinpell Fine Arts building. Both projects included new bin setups, labeled containers, new signage for above the containers, and documentation sent to faculty and staff in the affected areas explaining the changes. Both of these projects resulted in increased recycling participation and less cross contamination. As additional funds have become available, these projects were expanded to additional areas of campus and are now the campus standard.

UWRF also participates in the Campus Race to Zero Waste competition each year.","Students organizations in collaboration with the Sustainability Office conducted food waste audits each semester. Food waste is collected and weighed and informational graphs are then shared.

Students have also conducted audits focusing on how full dumpsters are to help better schedule servicing. 

The Sustainability Office conducts an audit of exterior trash and recycling containers in collaboration with the SASA 113 course. Students in the course observe the waste audit and create short educational videos drawing attention to the challenges and contamination.",NA,"UWRF houses a surplus department and office supplies exchange program. Regular sales and auctions are conducted where campus and the wider community can purchase available items. All items are offered  to departments before being sold to the general public.
https://www.uwrf.edu/Facilities/Waste-Minimization/SurplusPropertyProgram.cfm",NA,"PaperCut is a print management software used on campus that allows students and staff to print from any computer, tablet, or phone connected to the internet. One of the primary goals of PaperCut is to reduce printing levels by changing a user's printing behavior. The usage of monitoring, quotas, and charging are good ways of drawing a user's attention to their habits. The default setting on PaperCut printers is double-sided printing.","UWRF course registration is done online and the course catalog is available exclusively online. The campus directory is available online, although it is also provided as a hardcopy to faculty and staff by request.","Facilities provides recycling dumpsters for move-in days. Sustainability staff and volunteers are stationed at all dumpsters to maximize recycling and reduce contamination. 

Joan Mayen volunteers and oversees the ""Don't Throw it, Donate It"" program supported by the Sustainability Office and Residence Life. The program runs the weekend before finals  through student move out and provides a conduit for students to donate a large amount of food, clothes, furnishings, and other accessories to local charities instead of throwing it out.",NA,"https://www.uwrf.edu/Sustainability/CampusInitiatives/Waste.cfm","https://storage.googleapis.com/stars-dev/secure/261/8/768/7222/UWRF_2022_Waste_Minimization__Recycling_Report.pdf?X-Goog-Algorithm=GOOG4-RSA-SHA256&X-Goog-Credential=stars-gcs-dev%40aashe-migration.iam.gserviceaccount.com%2F20240517%2Fauto%2Fstorage%2Fgoog4_request&X-Goog-Date=20240517T161256Z&X-Goog-Expires=86400&X-Goog-SignedHeaders=host&X-Goog-Signature=7c12720628f7b66991a3f86f4d8abab0dc421c9125ba2d848ecaafa2a1ee3eb58790845d4559f5d26e01fa134facfc407d78d50b95d6ad0e383b8b41e92c87105e581bc806872eff6418caacd62a3514213c99063fcd631a7fe29cae81eac170668df8eca72ba27ae19211ca97e40ddb9f6ed292729d56b50f8b8a4878b94f6683198ff0d55dd707e0bd9d6559a2abe39021a7b33d4a5835de653e2d81c5b8241c70f8c1eaeb446448e4e0f8db4a22b3a7df66acbfa63d310a4e5e42facc1ce5bf4702e73302a77eeb08b6f0b266c3cfe06729a6804efcd7e5c2f0ed15c6f18c5119a279c0fc092970226f2fc7c14c6c6e01600f46d1e8832e8ebd585d16eeeb",NA,"--",5800,-1.91120338197924,-0.583278230241477,1.76764574264676
"University of Wisconsin-Stevens Point",2021-11-05,2022-03-01,2.2,"Pursuing","**",253,318,36,7,17,257,NA,NA,279,630,585,1212,NA,"**",2019-07-01,2020-06-30,2006-07-01,2007-06-30,NA,"**",2684,3211,NA,NA,NA,NA,6820,8165,1131,1001,501,NA,6258.5,7677.25,"**",0.0934728768874331,0.15786902862353,40.7908709501612,52.3076923076923,52.3076923076923,"**","TRUE","TRUE","TRUE","TRUE","--","TRUE","TRUE","TRUE","TRUE","TRUE","TRUE","TRUE","TRUE","TRUE","Concrete, styrofoam","--","TRUE","TRUE","TRUE","--",NA,"In 2018, the Green on the Go program was initiated with funding provided by the Green Fund ($12 of every student's segregated fees goes to the Green Fund, which is used for sustainability projects), which incorporated reusable 'to-go' containers into the dining halls on campus. Students who use Green on the Go containers receive a discount on their food purchase.","In March 2021, an audit of the waste from the Lower Marketplace dining location was conducted in order to identify how students could improve their composting and recycling efforts. The results were published in a social media campaign to raise student awareness.",NA,"The mission of the Surplus Property office is to coordinate the collection, processing and disposal of unneeded or unused surplus property generated on the UWSP campus or from other state agencies. Every effort will be made to accomplish this in an environmentally and fiscally responsible manner beneficial to both our campus and community.

The Surplus Property Office was started in June of 1995. 
The goal was to handle the large amount of university property that each year was catalogued as either obsolete, unusable in present programs, overstock or outdated. 

Through various federal and state programs, surplus items from the University of Wisconsin Stevens Point have ended up in such places as Mexico, Bulgaria, Nicaragua, the West Indies, St. Thomas and other islands located in the Caribbean. 
The program has grown to not only serve the University, but also many other state or federal entities that require the disposal of surplus property. 

UWSP offers students a unique and cost effective service through the Text Rental Department. Students check out books in the beginning of the semester, and return them on the last day of finals. Students save approximately $200.00 - $400.00 per semester with UWSP Text Rental Program.",NA,"In each students' semester tuition a $10.00 credit is allowed for printing. When that allowance is used, the student starts to acquire additional printing charges.","All registration, course, scheduling, forms and directories are easily and commonly found online.  http://www.uwsp.edu/regrec/Pages/default.aspx

All student billing, financial aid information, housing registration, degree progress, and course registration is done online either through AccesSPoint or the StarRez Housing Portal.

All UWSP classes use Canvas for class materials. Canvas is an online learning management system  where assignments can be uploaded, emails sent out to class, online quizzes distributed, and grades displayed.","The move-out event is promoted by Residential Housing Association, Facility Services and the Office of Sustainability.
Tents are set up to collect large items, such as furniture, that is either swapped or taken to Goodwill.
There are bins in the lobby of each hall to collect clothes, food and small appliances to be donated to local Goodwill.  
Non-perishable food is collected and donated to a student food pantry on campus.
Bins for recycling are available.",NA,"https://www.uwsp.edu/sustainability/Pages/Waste-and-Recycling.aspx","https://storage.googleapis.com/stars-dev/secure/115/8/768/7222/Waste__Recycling_FY20.xls?X-Goog-Algorithm=GOOG4-RSA-SHA256&X-Goog-Credential=stars-gcs-dev%40aashe-migration.iam.gserviceaccount.com%2F20240517%2Fauto%2Fstorage%2Fgoog4_request&X-Goog-Date=20240517T161257Z&X-Goog-Expires=86400&X-Goog-SignedHeaders=host&X-Goog-Signature=501ab537d80848cc9d2b17681d0879585edac1fcb2f7696af0b091c7afdfde90e3cda030ee1e511a327d8d9f8660fbbca742f7c0335b4d6906fbe6ab0e43845df38f5153c2448858afd814e4188a964158d6ad2f86613d2e4c56a73780e8447b9611f53060bb2ba6014243d14ec018833721234131d362c983efa53a5dbdeb154937391174a25861007d51a123dcf2c95fc4067d0b5d374545e4ed579840098a6ceaf590bc55042b420f57e98d49162fb48b1de21064c471956736a188a5394fa4e8734c83b90a33d0c197aba24f7a1b44f3185d9b722e6617c22a7a1d91330f3dcfecf86cc58801bac096a624f1065ba144e9ce44c1f02f16241f705e35ab2f",NA,"--",7300,2.03954354750806,0.713898700549861,1.86923076923077
